{
  "size": [1000, 1000],
  "start": [200, 500],
  "end": [800, 500],
  "landmasses":
  [
    {
      "name": "island",
      "coords": [[450, 450], [550, 450], [550, 550], [450, 550]],
      "rep-point": [500, 500]
    },
    {
      "name": "perimeter",
      "coords": [[10, 500], [0, 500], [0, 0], [1000, 0], [1000, 500], [990, 500], [990, 10], [10, 10]],
      "rep-point": [500, 5]
    },
    {
      "name": "perimeter",
      "coords": [[10, 500], [0, 500], [0, 1000], [1000, 1000], [1000, 500], [990, 500], [990, 990], [10, 990]],
      "rep-point": [500, 995]
    }
  ]
}