{"size": [1000, 1000], "start": [200, 500], "end": [800, 500], "landmasses": [{"name": "<default-name>", "coords": [[450, 600], [550, 600], [550, 950], [450, 950]], "rep-point": [500, 800]}, {"name": "<default-name>", "coords": [[450, 450], [550, 450], [550, 550], [450, 550]], "rep-point": [500, 500]}, {"name": "<default-name>", "coords": [[450, 50], [550, 50], [550, 400], [450, 400]], "rep-point": [500, 200]}, {"name": "<default-name>", "coords": [[250, 300], [350, 300], [350, 700], [250, 700]], "rep-point": [300, 500]}, {"name": "<default-name>", "coords": [[650, 650], [900, 650], [900, 750], [650, 750]], "rep-point": [700, 700]}, {"name": "<default-name>", "coords": [[650, 250], [900, 250], [900, 350], [650, 350]], "rep-point": [700, 300]}, {"name": "<default-name>", "coords": [[10, 500], [0, 500], [0, 0], [1000, 0], [1000, 500], [990, 500], [990, 10], [10, 10]], "rep-point": [500, 5]}, {"name": "<default-name>", "coords": [[10, 500], [0, 500], [0, 1000], [1000, 1000], [1000, 500], [990, 500], [990, 990], [10, 990]], "rep-point": [500, 995]}]}