{"size": [4000, 4000], "start": [500, 2000], "end": [3750, 2000], "landmasses": [{"name": "<default-name>", "coords": [[1800, 2400], [2200, 2400], [2200, 3800], [1800, 3800]], "rep-point": [2000, 3200]}, {"name": "<default-name>", "coords": [[1800, 1800], [2200, 1800], [2200, 2200], [1800, 2200]], "rep-point": [2000, 2000]}, {"name": "<default-name>", "coords": [[1800, 200], [2200, 200], [2200, 1600], [1800, 1600]], "rep-point": [2000, 800]}, {"name": "<default-name>", "coords": [[1000, 1200], [1400, 1200], [1400, 2800], [1000, 2800]], "rep-point": [1200, 2000]}, {"name": "<default-name>", "coords": [[2600, 2600], [3600, 2600], [3600, 3000], [2600, 3000]], "rep-point": [2800, 2800]}, {"name": "<default-name>", "coords": [[2600, 1000], [3600, 1000], [3600, 1400], [2600, 1400]], "rep-point": [2800, 1200]}, {"name": "<default-name>", "coords": [[40, 2000], [0, 2000], [0, 0], [4000, 0], [4000, 2000], [3960, 2000], [3960, 40], [40, 40]], "rep-point": [2000, 20]}, {"name": "<default-name>", "coords": [[40, 2000], [0, 2000], [0, 4000], [4000, 4000], [4000, 2000], [3960, 2000], [3960, 3960], [40, 3960]], "rep-point": [2000, 3980]}]}